{"cameraMode":{"drawMode":0,"name":"Shaded","section":"Shading Mode"},"sceneLighting":true,"audioPlay":false,"sceneViewState":{"showFog":false,"showMaterialUpdate":false,"showSkybox":false,"showFlares":false,"showImageEffects":false,"showParticleSystems":false},"in2DMode":false,"pivot":{"x":-0.14670848846435548,"y":3.4383230209350588,"z":-0.029998779296875},"rotation":{"x":0.056935571134090427,"y":-0.034437891095876697,"z":0.001963722286745906,"w":0.9977880120277405},"size":11.037410736083985,"orthographic":true}