{"cameraMode":{"drawMode":0,"name":"Shaded","section":"Shading Mode"},"sceneLighting":true,"audioPlay":false,"sceneViewState":{"showFog":false,"showMaterialUpdate":false,"showSkybox":false,"showFlares":false,"showImageEffects":false,"showParticleSystems":false},"in2DMode":false,"pivot":{"x":-6.003691673278809,"y":4.813014030456543,"z":-0.23538193106651307},"rotation":{"x":-0.03149494528770447,"y":-0.002998938085511327,"z":-0.00009510048403171822,"w":0.9995033740997315},"size":2.3466694355010988,"orthographic":true}