{"cameraMode":{"drawMode":0,"name":"Shaded","section":"Shading Mode"},"sceneLighting":true,"audioPlay":false,"sceneViewState":{"showFog":false,"showMaterialUpdate":false,"showSkybox":false,"showFlares":false,"showImageEffects":false,"showParticleSystems":false},"in2DMode":false,"pivot":{"x":3.9343276023864748,"y":1.9468722343444825,"z":0.0},"rotation":{"x":-0.01649920642375946,"y":-0.005999949295073748,"z":-0.00010094328172272071,"w":0.9998505115509033},"size":3.49706768989563,"orthographic":true}