{"cameraMode":{"drawMode":0,"name":"Shaded","section":"Shading Mode"},"sceneLighting":true,"audioPlay":false,"sceneViewState":{"showFog":false,"showMaterialUpdate":false,"showSkybox":false,"showFlares":false,"showImageEffects":false,"showParticleSystems":false},"in2DMode":false,"pivot":{"x":-8.869908332824707,"y":3.8815598487854006,"z":-0.39453125},"rotation":{"x":0.0014998289989307523,"y":-0.001500442042015493,"z":0.000001652140099395183,"w":1.0000003576278687},"size":9.139976501464844,"orthographic":true}