{"cameraMode":{"drawMode":0,"name":"Shaded","section":"Shading Mode"},"sceneLighting":true,"audioPlay":false,"sceneViewState":{"showFog":false,"showMaterialUpdate":false,"showSkybox":false,"showFlares":false,"showImageEffects":false,"showParticleSystems":false},"in2DMode":false,"pivot":{"x":-0.14670848846435548,"y":3.4383230209350588,"z":-0.029998779296875},"rotation":{"x":-0.03299131244421005,"y":0.01349190529435873,"z":0.0004439831536728889,"w":0.9993704557418823},"size":11.621421813964844,"orthographic":true}