{"cameraMode":{"drawMode":0,"name":"Shaded","section":"Shading Mode"},"sceneLighting":true,"audioPlay":false,"sceneViewState":{"showFog":false,"showMaterialUpdate":false,"showSkybox":false,"showFlares":false,"showImageEffects":false,"showParticleSystems":false},"in2DMode":false,"pivot":{"x":-3.940000057220459,"y":10.550000190734864,"z":0.0},"rotation":{"x":-0.017994629219174386,"y":-0.022495051845908166,"z":-0.00040629887371324003,"w":0.9995917081832886},"size":10.403593063354493,"orthographic":true}