{"cameraMode":{"drawMode":0,"name":"Shaded","section":"Shading Mode"},"sceneLighting":true,"audioPlay":false,"sceneViewState":{"showFog":false,"showMaterialUpdate":false,"showSkybox":false,"showFlares":false,"showImageEffects":false,"showParticleSystems":false},"in2DMode":false,"pivot":{"x":-1.7861219644546509,"y":3.8804450035095217,"z":-0.3089843690395355},"rotation":{"x":0.0014998289989307523,"y":-0.001500442042015493,"z":0.000001652140099395183,"w":1.0000003576278687},"size":6.9096455574035648,"orthographic":true}