{"cameraMode":{"drawMode":0,"name":"Shaded","section":"Shading Mode"},"sceneLighting":true,"audioPlay":false,"sceneViewState":{"showFog":true,"showMaterialUpdate":false,"showSkybox":true,"showFlares":true,"showImageEffects":true,"showParticleSystems":true},"in2DMode":false,"pivot":{"x":17.447608947753908,"y":21.43096923828125,"z":163.322509765625},"rotation":{"x":0.11671104282140732,"y":-0.019365455955266954,"z":0.0022761537693440916,"w":0.9929742813110352},"size":99.96674346923828,"orthographic":true}